isic_id,target
ISIC_0015657,0.04495893730277038
ISIC_0015729,0.04269238082054806
ISIC_0015740,0.05982367712130819
